addr,status,kind,module,name,rom_size
0x080002a0,1,,code_80002A0,VBlank_UpdateGameScreen,600
0x080004f8,1,,code_80002A0,VBlank_UpdateScreenSimple,176
0x080005a8,1,,code_80002A0,HBlankWave_ApplyLineScroll,180
0x0800065c,1,,code_80002A0,VBlankIntr,624
0x080008cc,1,,code_80002A0,Display_ShutdownSequence,160
0x0800096c,1,,code_80002A0,Sio_LinkTask,492
0x08000b58,1,,code_80002A0,System_SoftReset,320
0x08000c98,1,,code_80002A0,HBlankWave_BuildTables,196
0x08000d5c,1,,code_80002A0,LZ_UncompressChunk,192
0x08000e1c,1,,code_80002A0,Intr_SetMode,188
0x08000ed8,1,,code_80002A0,Display_RestartAfterLoad,124
0x08000f54,1,,code_80002A0,System_ResetToLogo,60
0x08000f90,1,,code_80002A0,nullsub_5,4
0x08000f94,1,,code_80002A0,VBlankWait_PumpSound,16
0x08000fa4,1,,code_80002A0,VBlankWaitExit_PumpSound,44
0x08000fd0,1,,code_80002A0,LZ_InitContext,40
0x08000ff8,1,,code_80002A0,Rand_TableNext,28
0x08001014,1,,code_80002A0,EventFlags_ClearAll,28
0x08001030,1,,code_80002A0,EventFlags_Test,32
0x08001050,1,,code_80002A0,EventFlags_Set,32
0x08001070,1,,code_80002A0,EventFlags_Reset,32
0x08001090,1,,code_80002A0,SwitchFlags_ClearAll,28
0x080010ac,1,,code_80002A0,SwitchFlags_Test,32
0x080010cc,1,,code_80002A0,SwitchFlags_Set,32
0x080010ec,1,,code_80002A0,SwitchFlags_Reset,32
0x0800110c,1,,code_80002A0,SwitchFlags_ClearRange,28
0x08001128,1,,code_80002A0,System_Init,200
0x080011f0,1,,code_80002A0,ReadKeysRaw,44
0x0800121c,1,,code_80002A0,ReadKeys,44
0x08001248,1,,code_80002A0,DummyIntr3,4
0x0800124c,1,,code_80002A0,Intr_HandleHBlank,56
0x08001284,1,,code_80002A0,DummyIntr4,4
0x08001288,1,,code_80002A0,DummyIntr5,4
0x0800128c,1,,code_80002A0,AgbMain,44
0x080012b8,1,,code_80002A0,VBlank_UpdateScreenMode5,156
0x08001354,1,,code_80002A0,SceneTransition_Load,484
0x08001538,1,,code_80002A0,NewGame_Init,464
0x08001708,1,,code_80002A0,Scene_EnterMap,288
0x08001828,1,,code_80002A0,Scene_ExitToMenu,172
0x080018d4,1,,code_80002A0,Scene_Reload,424
0x08001a7c,1,,code_80002A0,Scene_EnterDoor,340
0x08001bd0,1,,code_80002A0,Scene_RestoreAfterBattle,312
0x08001d08,1,,code_80002A0,Task_MapExplore,1100
0x08002154,1,,code_80002A0,Sprites_UpdateFrame,556
0x08002380,1,,code_80002A0,Sprite_SetupDialogArrow,188
0x0800243c,1,,code_80002A0,Sprite_EnqueueRender,736
0x0800271c,1,,code_80002A0,Sprite_UpdateCharaAnim,700
0x080029d8,1,,code_80002A0,Anim_PlayCustom,380
0x08002b54,1,,code_80002A0,Anim_BuildOamChain,512
0x08002d54,1,,code_80002A0,CheckEncounter,136
0x08002ddc,1,,code_80002A0,LogoBlendEffect_Update,400
0x08002f6c,1,,code_80002A0,LogoAssets_Load,284
0x08003088,1,,code_80002A0,Task_DispatchGameState,40
0x080030b0,1,,code_80002A0,SceneTransition_RequestMap,100
0x08003114,1,,code_80002A0,Task_DialogueFrame,20
0x08003128,1,,code_80002A0,Task_BattleMenuFrame,64
0x08003168,1,,code_80002A0,Scene_ReloadViaMenu,124
0x080031e4,1,,code_80002A0,Task_SaveMenuFrame,20
0x080031f8,1,,code_80002A0,Task_TextFrame,16
0x08003208,1,,code_80002A0,Scene_ResetResources,76
0x08003254,1,,code_80002A0,Anim_StepChara,16
0x08003264,1,,code_80002A0,PalTransfer_Flush,88
0x080032bc,1,,code_80002A0,OAM_FlushFromQueue,140
0x08003348,1,,code_80002A0,Sprites_ReleaseAll,160
0x080033e8,1,,code_80002A0,Sprites_LoadMapNPCs,116
0x0800345c,1,,code_80002A0,Chara_InitFromDesc,768
0x0800375c,1,,code_80002A0,Chara_InitDialogArrow,128
0x080037dc,1,,code_80002A0,Chara_InitEffect,112
0x0800384c,1,,code_80002A0,Chara_InitEffectAtPlayer,128
0x080038cc,1,,code_80002A0,PendingSpriteLoad_Flush,140
0x08003958,0,,code_80002A0,Chara_SetWalkPath,432
0x08003b08,1,,code_80002A0,Chara_ProcessCmdStream,332
0x08003c54,0,,code_80002A0,Chara_StepMove,748
0x08003f40,1,,code_80002A0,sub_8003F40,420
0x080040e4,0,,code_80002A0,Party_FollowAnim,628
0x08004358,1,,code_80002A0,Followers_ResetHistory,124
0x080043d4,1,,code_80002A0,Followers_SyncToTail,136
0x0800445c,1,,code_80002A0,Party_FollowStep,640
0x080046dc,1,,code_80002A0,CutsceneAnim_Load,176
0x0800478c,0,,code_80002A0,CutsceneAnim_PlayFrame,500
0x08004980,1,,code_80002A0,MapGroup_Lookup,72
0x080049c8,1,,code_80002A0,Chara_SetTilePos,56
0x08004a00,1,,code_80002A0,Chara_MoveBy,68
0x08004a44,1,,code_80002A0,VramTransfer_AllocSlot,40
0x08004a6c,1,,code_80002A0,PalTransfer_AllocSlot,40
0x08004a94,1,,code_80002A0,PalTransfer_Enqueue,44
0x08004ac0,1,,code_80002A0,VramTransfer_Clear,28
0x08004adc,1,,code_80002A0,VramTransfer_Flush,80
0x08004b2c,1,,code_80002A0,VramTransfer_Enqueue,52
0x08004b60,1,,code_80002A0,PalTransfer_Clear,44
0x08004b8c,1,,code_80002A0,SpritePool_Clear,48
0x08004bbc,1,,code_80002A0,Queue34C0_Clear,36
0x08004be0,1,,code_80002A0,RenderQueue_Clear,28
0x08004bfc,1,,code_80002A0,Sprite_AllocNode,44
0x08004c28,1,,code_80002A0,Sprite_InitChainNode,100
0x08004c8c,1,,code_80002A0,LoadSpriteSheetGfx,44
0x08004cb8,1,,code_80002A0,LoadSpriteSheetPal,48
0x08004ce8,1,,code_80002A0,LoadArrowObjTiles,56
0x08004d20,1,,code_80002A0,Chara_SetGfxPal,24
0x08004d38,1,,code_80002A0,Chara_FreeSprite,84
0x08004d8c,1,,code_80002A0,Chara_SetCmdPtr,24
0x08004da4,1,,code_80002A0,Chara_StartMoving,44
0x08004dd0,1,,code_80002A0,Chara_AnyMoving,52
0x08004e04,1,,code_80002A0,Party_SetFollowMode,16
0x08004e14,1,,code_80002A0,SetSlotGfxId,52
0x08004e48,1,,code_80002A0,SetSlotPalId,52
0x08004e7c,1,,code_80002A0,GetPendingSpriteLoad,12
0x08004e88,1,,code_80002A0,Chara_SetPosDir,48
0x08004eb8,1,,code_80002A0,Chara_GetDrawZ,36
0x08004edc,1,,code_80002A0,Chara_GetDrawX,96
0x08004f3c,1,,code_80002A0,Sprite_FreeChain,40
0x08004f64,1,,code_80002A0,Sprite_WriteOam,68
0x08004fa8,1,,code_80002A0,Chara_StartScriptAnim,40
0x08004fd0,1,,code_80002A0,Chara_AnimWaitDone,80
0x08005020,0,,code_8005020,sub_8005020,432
0x080051d0,1,,code_8005020,ScreenFade_Apply,156
0x0800526c,1,,code_8005020,ScreenFade_Update,140
0x080052f8,0,,code_8005020,sub_80052F8,188
0x080053b4,0,,code_8005020,sub_80053B4,564
0x080055e8,0,,code_8005020,sub_80055E8,1348
0x08005b2c,1,,code_8005020,MapTile_At,136
0x08005bb4,1,,code_8005020,MapTile_CollisionBits,188
0x08005c70,0,,code_8005020,Viewport_UpdateScroll,2108
0x080064ac,1,,code_8005020,BgMap_FillPattern,116
0x08006520,1,,code_8005020,MapBg_LoadFull,252
0x0800661c,0,,code_8005020,sub_800661C,3024
0x080071ec,0,,code_8005020,sub_80071EC,176
0x0800729c,1,,code_8005020,MapScene_InitSprites,180
0x08007350,0,,code_8005020,sub_8007350,1556
0x08007964,1,,code_8005020,AnimSlot_Parse,88
0x080079bc,1,,code_8005020,AnimSlot_ParseLoop,96
0x08007a1c,1,,code_8005020,sub_8007A1C,192
0x08007adc,0,,code_8005020,sub_8007ADC,244
0x08007bd0,1,,code_8005020,sub_8007BD0,396
0x08007d5c,1,,code_8005020,MapBg_LoadInterior,604
0x08007fb8,1,,code_8005020,Logo_LoadAssets,364
0x08008124,1,,code_8005020,sub_8008124,156
0x080081c0,1,,code_8005020,BattleIntro_Cursor,148
0x08008254,0,,code_8005020,ChoiceMenu_HandleInput,972
0x08008620,0,,code_8005020,sub_8008620,220
0x080086fc,1,,code_8005020,sub_80086FC,140
0x08008788,1,,code_8005020,IntroBg_Load,300
0x080088b4,1,,code_8005020,ScreenFade_Start,64
0x080088f4,1,,code_8005020,AnimSlot_BankReload,132
0x08008978,1,,code_8005020,Win0H_WaveDmaByVCount,104
0x080089e0,1,,code_8005020,ScreenFx_SetMode,92
0x08008a3c,1,,code_8005020,AnimSlots_Release,36
0x08008a60,1,,code_8005020,AnimSlots_StepAll,32
0x08008a80,1,,code_8005020,BgTiles_LoadUiSet,148
0x08008b14,1,,code_8005020,BgScroll_LoadFromTable,72
0x08008b5c,1,,code_8005020,PlayerSheets_Load,72
0x08008ba4,1,,code_8005020,sub_8008BA4,64
0x08008be4,1,,code_8005020,AnimSlot_Pause,24
0x08008bfc,1,,code_8005020,AnimSlot_Resume,24
0x08008c14,1,,code_8005020,AnimSlot_Active,16
0x08008c24,1,,code_8005020,ReloadSpriteSheet,76
0x08008c70,1,,code_8005020,ReloadAllSpriteSheets,80
0x08008cc0,1,,code_8005020,ChoiceMenu_ResolveDest,88
0x08008d18,1,,code_8005020,DialogPortrait_FlushPending,96
0x08008d78,1,,code_8005020,Camera_GetDrawOffset,84
0x08008dcc,1,,code_8005020,Bgm_Request,12
0x08008dd8,1,,code_8005020,BgPal_ResetFirst,32
0x08008df8,1,,code_8005020,AnimSlot_PlayOnce,76
0x08008e44,1,,code_8005020,BgMap_FillRow,80
0x08008e94,1,,code_8005020,MapBg_FlushPending,148
0x08008f28,0,,code_8005020,sub_8008F28,168
0x08008fd0,1,,code_8005020,Chest_BuildSprite,188
0x0800908c,1,,code_8005020,Chest_Open,136
0x08009114,1,,code_8005020,LoadDigitFontObjTiles,84
0x08009168,1,,code_8005020,ChestFlags_ClearAll,28
0x08009184,1,,code_8005020,ChestFlags_Toggle,32
0x080091a4,1,,code_8005020,ChestFlags_Test,32
0x080091c4,0,,code_8005020,sub_80091C4,428
0x08009370,0,,code_8005020,sub_8009370,184
0x08009428,1,,code_8005020,PaletteFx_Apply,212
0x080094fc,0,,code_8005020,sub_80094FC,260
0x08009600,0,,code_8005020,sub_8009600,1116
0x08009a5c,1,,code_8005020,MenuEnt_ClearStates,32
0x08009a7c,1,,code_8005020,MenuEnt_ParseAll,72
0x08009ac4,1,,code_8005020,MenuEnt_ParseRange,64
0x08009b04,1,,code_8005020,MenuEnt_Unlock,24
0x08009b1c,1,,code_8005020,MenuEnt_Lock,24
0x08009b34,1,,code_8005020,MenuEnt_GetState,16
0x08009b44,1,,code_8005020,Palette_Backup,32
0x08009b64,1,,code_8005020,Palette_FillWhite,32
0x08009b84,1,,code_8005020,MenuEnt_ParseDesc,108
0x08009bf0,1,,code_8005020,StaticObjGfx_LoadPair,148
0x08009c84,1,,code_8005020,StaticObjs_Spawn,176
0x08009d34,1,,code_8005020,StaticObjs_StepAll,332
0x08009e80,1,,code_8005020,StaticObj_BuildChain,200
0x08009f48,1,,code_8005020,StaticObjs_Reset,40
0x08009f70,0,,code_8005020,sub_8009F70,216
0x0800a048,1,,code_8005020,Stats_BuildSkillList,156
0x0800a0e4,1,,code_8005020,Chara_GetFormGfx,208
0x0800a1b4,0,,code_8005020,sub_800A1B4,532
0x0800a3c8,0,,code_8005020,sub_800A3C8,364
0x0800a534,0,,code_8005020,sub_800A534,304
0x0800a664,0,,code_8005020,sub_800A664,312
0x0800a79c,1,,code_8005020,Stats_RecalcEquip,208
0x0800a86c,1,,code_8005020,ExpToLevel,52
0x0800a8a0,1,,code_8005020,LevelToExp,48
0x0800a8d0,1,,code_8005020,ItemFindSlot,84
0x0800a924,1,,code_8005020,Party_InitStats,52
0x0800a958,1,,code_8005020,ItemGetValue,24
0x0800a970,1,,code_8005020,sub_800A970,8
0x0800a978,1,,code_8005020,sub_800A978,8
0x0800a980,1,,code_8005020,FullHealParty,64
0x0800a9c0,1,,code_8005020,EquipItem,160
0x0800aa60,1,,code_8005020,sub_800AA60,36
0x0800aa84,1,,code_8005020,sub_800AA84,32
0x0800aaa4,1,,code_8005020,Silver_Add,28
0x0800aac0,1,,code_8005020,Silver_Sub,28
0x0800aadc,1,,code_8005020,sub_800AADC,28
0x0800aaf8,1,,code_8005020,sub_800AAF8,32
0x0800ab18,1,,code_8005020,sub_800AB18,36
0x0800ab3c,1,,code_8005020,Party_AnyEquip,64
0x0800ab7c,1,,code_8005020,Chara_ClearTempStatus,64
0x0800abbc,1,,code_8005020,Stats_ClearEquipBonus,76
0x0800ac08,1,,code_8005020,PartyForm_ApplyBonus,156
0x0800aca4,1,,code_8005020,FullHealCharacter,36
0x0800acc8,0,,code_8005020,sub_800ACC8,1156
0x0800b14c,1,,code_8005020,SceneBg_Reload,388
0x0800b2d0,1,,code_8005020,MenuState_Reset,68
0x0800b314,1,,code_8005020,MenuHp_Update,96
0x0800b374,0,,code_8005020,sub_800B374,2928
0x0800bee4,1,,code_8005020,Msg_RenderLine,120
0x0800bf5c,1,,code_8005020,PartyUi_InitEntities,156
0x0800bff8,0,,code_8005020,sub_800BFF8,224
0x0800c0d8,1,,code_8005020,BattleIntro_Setup,188
0x0800c194,0,,code_8005020,sub_800C194,356
0x0800c2f8,0,,code_8005020,sub_800C2F8,7800
0x0800e170,1,,code_8005020,MenuUi_SetEntityPos,212
0x0800e244,0,,code_8005020,sub_800E244,1060
0x0800e668,1,,code_8005020,sub_800E668,180
0x0800e71c,1,,code_8005020,UiSprite_BeginSlide,160
0x0800e7bc,1,,code_8005020,UiSprites_Update,316
0x0800e8f8,0,,code_8005020,sub_800E8F8,492
0x0800eae4,0,,code_8005020,sub_800EAE4,180
0x0800eb98,1,,code_8005020,MenuUi_SpawnAuxSprites,188
0x0800ec54,0,,code_8005020,sub_800EC54,1236
0x0800f128,0,,code_8005020,sub_800F128,644
0x0800f3ac,0,,code_8005020,sub_800F3AC,252
0x0800f4a8,1,,code_8005020,MenuUi_DrawItemList,456
0x0800f670,1,,code_8005020,sub_800F670,156
0x0800f70c,0,,code_8005020,sub_800F70C,792
0x0800fa24,0,,code_8005020,sub_800FA24,264
0x0800fb2c,0,,code_8005020,sub_800FB2C,704
0x0800fdec,0,,code_8005020,sub_800FDEC,292
0x0800ff10,0,,code_8005020,sub_800FF10,608
0x08010170,0,,code_8005020,sub_8010170,252
0x0801026c,1,,code_8005020,ItemGetUsePower,148
0x08010300,0,,code_8005020,sub_8010300,308
0x08010434,1,,code_8005020,WarpTable_Check,196
0x080104f8,0,,code_8005020,sub_80104F8,300
0x08010624,0,,code_8005020,sub_8010624,332
0x08010770,0,,code_8005020,sub_8010770,520
0x08010978,1,,code_8005020,ScreenIdleIcons_BuildList,128
0x080109f8,1,,save,Save_Fsm,500
0x08010bec,1,,save,Save_FillSlot0,224
0x08010ccc,1,,save,Save_FillSlot1,180
0x08010d80,1,,save,Save_FillSlot2,216
0x08010e58,1,,save,Save_FillSlot3,184
0x08010f10,0,,code_8010F10,sub_8010F10,572
0x0801114c,1,,code_8010F10,sub_801114C,284
0x08011268,0,,code_8010F10,sub_8011268,356
0x080113cc,0,,code_8010F10,sub_80113CC,136
0x08011454,0,,code_8010F10,sub_8011454,4316
0x08012530,0,,code_8010F10,sub_8012530,608
0x08012790,0,,code_8010F10,sub_8012790,4320
0x08013870,0,,code_8010F10,sub_8013870,196
0x08013934,0,,code_8010F10,sub_8013934,472
0x08013b0c,0,,code_8010F10,sub_8013B0C,244
0x08013c00,0,,code_8010F10,sub_8013C00,828
0x08013f3c,1,,code_8010F10,Save_LoadSlot0,172
0x08013fe8,1,,code_8010F10,Save_LoadContinue,156
0x08014084,1,,code_8010F10,SaveTimer_CountUsed,76
0x080140d0,1,,code_8010F10,SaveTimer_Inc,84
0x08014124,1,,code_8010F10,SaveTimer_Dec,88
0x0801417c,0,,code_8010F10,sub_801417C,780
0x08014488,1,,code_8010F10,sub_8014488,212
0x0801455c,1,,code_8010F10,sub_801455C,332
0x080146a8,0,,code_8010F10,sub_80146A8,960
0x08014a68,0,,code_8010F10,sub_8014A68,2516
0x0801543c,1,,code_8010F10,sub_801543C,172
0x080154e8,0,,code_8010F10,sub_80154E8,368
0x08015658,0,,code_8010F10,sub_8015658,1176
0x08015af0,1,,code_8010F10,sub_8015AF0,160
0x08015b90,1,,code_8010F10,InvUi_DrawCursors,136
0x08015c18,0,,code_8010F10,InvUi_Main,516
0x08015e1c,0,,code_8010F10,sub_8015E1C,108
0x08015e88,1,,code_8010F10,Save_ResetReadState,24
0x08015ea0,1,,code_8010F10,Save_StartWrite,48
0x08015ed0,1,,code_8010F10,sub_8015ED0,68
0x08015f14,1,,code_8010F10,SaveUi_DrawSlots,60
0x08015f50,1,,code_8010F10,SaveTimer_Get,36
0x08015f74,1,,code_8010F10,SaveFlag_Set,32
0x08015f94,1,,code_8010F10,SaveFlag_Get,32
0x08015fb4,1,,code_8010F10,SaveUi_Open,132
0x08016038,1,,code_8010F10,sub_8016038,48
0x08016068,1,,code_8010F10,sub_8016068,100
0x080160cc,1,,code_8010F10,sub_80160CC,40
0x080160f4,1,,code_8010F10,sub_80160F4,132
0x08016178,1,,code_8010F10,sub_8016178,124
0x080161f4,1,,code_8010F10,sub_80161F4,88
0x0801624c,1,,code_8010F10,Num_Draw16,20
0x08016260,1,,code_8010F10,Hud_DrawLv,72
0x080162a8,1,,code_8010F10,Hud_DrawHp,96
0x08016308,1,,code_8010F10,Hud_DrawMp,96
0x08016368,1,,code_8010F10,Text_PutGlyph,100
0x080163cc,1,,code_8010F10,TextBlocks_Render,88
0x08016424,1,,code_8010F10,Math_DivLoop,32
0x08016444,1,,code_8010F10,Msg_ShowEndMark,28
0x08016460,1,,code_8010F10,Msg_DrawPoolSegment,96
0x080164c0,1,,code_8010F10,Msg_BuildSegmentIndex,56
0x080164f8,1,,code_8010F10,Msg_Show,16
0x08016508,1,,code_8010F10,Msg_ShowById,68
0x0801654c,1,,code_8010F10,Text_WriteOrClear,108
0x080165b8,1,,code_8010F10,Menu_GetFocus,16
0x080165c8,1,,code_8010F10,Text_ClearRect,96
0x08016628,1,,code_8010F10,MenuUi_SetExclusive,84
0x0801667c,1,,code_8010F10,MenuUi_HideAll,40
0x080166a4,1,,code_8010F10,Text_DrawChar,88
0x080166fc,0,,code_8010F10,sub_80166FC,92
0x08016758,1,,code_8010F10,sub_8016758,124
0x080167d4,1,,code_8010F10,MenuUi_MoveCursor,36
0x080167f8,1,,code_8010F10,Party_SlotOfMember,52
0x0801682c,1,,code_8010F10,SkillMenu_SaveCursor,76
0x08016878,1,,code_8010F10,ItemUse_Execute,48
0x080168a8,1,,code_8010F10,ItemUse_SetCtx,68
0x080168ec,1,,code_8010F10,SkillMenu_RestoreCursor,68
0x08016930,1,,code_8010F10,SkillMenu_GetSkill,72
0x08016978,1,,code_8010F10,Inv_FindFirstHeld,52
0x080169ac,1,,code_8010F10,Inv_FindPrevHeld,64
0x080169ec,1,,code_8010F10,Inv_FindHeldItemOnPage,40
0x08016a14,0,,code_8010F10,Save_SyncShadow,88
0x08016a6c,1,,code_8010F10,Inv_SeekFirst,52
0x08016aa0,1,,code_8010F10,Inv_PrevNonZero,52
0x08016ad4,1,,code_8010F10,Inv_NextNonZero,92
0x08016b30,0,,code_8010F10,sub_8016B30,128
0x08016bb0,1,,code_8010F10,SaveUi_OpenLoad,48
0x08016be0,1,,code_8010F10,Text_WriteChars,48
0x08016c10,1,,code_8010F10,Text_FillHidden,28
0x08016c2c,1,,code_8010F10,Text_TileAt,24
0x08016c44,1,,code_8010F10,sub_8016C44,68
0x08016c88,0,,code_8010F10,sub_8016C88,156
0x08016d24,0,,code_8010F10,sub_8016D24,268
0x08016e30,1,,code_8010F10,Sio_BuildPacket,80
0x08016e80,0,,code_8010F10,sub_8016E80,176
0x08016f30,1,,code_8010F10,sub_8016F30,144
0x08016fc0,0,,code_8010F10,sub_8016FC0,252
0x080170bc,1,,code_8010F10,Sio_SetReady,20
0x080170d0,1,,code_8010F10,Sio_Shutdown,80
0x08017120,0,,code_8010F10,sub_8017120,196
0x080171e4,0,,code_8010F10,sub_80171E4,932
0x08017588,1,,code_8010F10,Sio_IsHost,56
0x080175c0,0,,code_8010F10,sub_80175C0,64
0x08017600,1,,code_8010F10,Sio_SetXferCtx,28
0x0801761c,1,,code_8010F10,Sio_ClearSlot,36
0x08017640,0,,code_8010F10,sub_8017640,76
0x0801768c,0,,code_8010F10,sub_801768C,288
0x080177ac,0,,code_8010F10,BattleTask_Run,2040
0x08017fa4,0,,code_8010F10,sub_8017FA4,204
0x08018070,0,,code_8010F10,sub_8018070,568
0x080182a8,0,,code_8010F10,sub_80182A8,512
0x080184a8,0,,code_8010F10,sub_80184A8,500
0x0801869c,0,,code_8010F10,sub_801869C,168
0x08018744,1,,code_8010F10,sub_8018744,12
0x08018750,1,,code_8010F10,sub_8018750,60
0x0801878c,1,,code_8010F10,sub_801878C,12
0x08018798,1,,code_8010F10,sub_8018798,16
0x080187a8,1,,code_8010F10,sub_80187A8,12
0x080187b4,1,,code_8010F10,sub_80187B4,12
0x080187c0,1,,code_8010F10,sub_80187C0,20
0x080187d4,1,,code_8010F10,sub_80187D4,20
0x080187e8,1,,code_8010F10,sub_80187E8,12
0x080187f4,1,,code_8010F10,sub_80187F4,12
0x08018800,1,,code_8010F10,ListNode_Init,12
0x0801880c,1,,code_8010F10,ListNode_InitKey,12
0x08018818,1,,code_8010F10,ListNode_InsertSorted,32
0x08018838,1,,code_8010F10,sub_8018838,12
0x08018844,1,,code_8010F10,Rng_LcgNext,32
0x08018864,1,,code_8010F10,GetObjPool,8
0x0801886c,1,,code_8010F10,GetCtx_0248,8
0x08018874,1,,code_8010F10,GetBuf_37410,8
0x0801887c,1,,code_8010F10,sub_801887C,32
0x0801889c,1,,code_8010F10,sub_801889C,32
0x080188bc,0,,code_8010F10,sub_80188BC,108
0x08018928,0,,code_8010F10,sub_8018928,304
0x08018a58,0,,code_8010F10,sub_8018A58,416
0x08018bf8,0,,code_8010F10,sub_8018BF8,420
0x08018d9c,0,,code_8010F10,sub_8018D9C,152
0x08018e34,0,,code_8010F10,sub_8018E34,116
0x08018ea8,0,,code_8010F10,sub_8018EA8,280
0x08018fc0,0,,code_8010F10,sub_8018FC0,392
0x08019148,1,,code_8010F10,Bg0_InitClear,132
0x080191cc,0,,code_8010F10,sub_80191CC,312
0x08019304,1,,code_8010F10,DialogCtx_Clear3,56
0x0801933c,0,,code_8010F10,sub_801933C,920
0x080196d4,0,,code_8010F10,sub_80196D4,116
0x08019748,1,,code_8010F10,DialogCtx_SetPair,60
0x08019784,0,,code_8010F10,sub_8019784,604
0x080199e0,0,,code_8010F10,sub_80199E0,240
0x08019ad0,0,,code_8010F10,sub_8019AD0,200
0x08019b98,0,,code_8010F10,sub_8019B98,608
0x08019df8,1,,code_8010F10,BattleUiFlag_Clear,12
0x08019e04,1,,code_8010F10,BattleUiFlag_Set,20
0x08019e18,1,,code_8010F10,BattleUiFlag_Get,12
0x08019e24,1,,code_8010F10,BattleUiFlag_Reset,20
0x08019e38,1,,code_8010F10,Disp_ObjOff,20
0x08019e4c,1,,code_8010F10,Disp_ObjOn,20
0x08019e60,1,,code_8010F10,sub_8019E60,108
0x08019ecc,1,,code_8010F10,Disp_Bg1Off,20
0x08019ee0,1,,code_8010F10,DialogCtx_SetHead,40
0x08019f08,0,,code_8010F10,sub_8019F08,112
0x08019f78,0,,code_8010F10,sub_8019F78,228
0x0801a05c,1,,code_8010F10,DialogCtx_GetField_C,24
0x0801a074,1,,code_8010F10,BgMap_PalFillRect,124
0x0801a0f0,1,,code_8010F10,DialogCtx_Flush,76
0x0801a13c,1,,code_8010F10,FlashFlag_Clear,12
0x0801a148,1,,code_8010F10,FlashFlag_Get,12
0x0801a154,1,,code_8010F10,FlashFlag_Reset,20
0x0801a168,1,,code_8010F10,BattleFx_Init,116
0x0801a1dc,1,,code_8010F10,BattleFx_Stop,60
0x0801a218,1,,code_8010F10,BattleFx_DispOff,88
0x0801a270,1,,code_8010F10,sub_801A270,60
0x0801a2ac,1,,code_8010F10,sub_801A2AC,64
0x0801a2ec,1,,code_8010F10,sub_801A2EC,56
0x0801a324,1,,code_8010F10,BgLoad_Reset,12
0x0801a330,1,,code_8010F10,BgLoad_Finish,12
0x0801a33c,1,,code_8010F10,BgLoad_GetPos,12
0x0801a348,1,,code_8010F10,sub_801A348,20
0x0801a35c,1,,code_8010F10,sub_801A35C,16
0x0801a36c,1,,code_8010F10,BgScrolls_WriteAll,60
0x0801a3a8,1,,code_8010F10,sub_801A3A8,28
0x0801a3c4,0,,code_801A3C4,sub_801A3C4,552
0x0801a5ec,0,,code_801A3C4,sub_801A5EC,152
0x0801a684,1,,code_801A3C4,sub_801A684,112
0x0801a6f4,0,,code_801A3C4,sub_801A6F4,400
0x0801a884,0,,code_801A3C4,sub_801A884,1160
0x0801ad0c,0,,code_801A3C4,sub_801AD0C,940
0x0801b0b8,0,,code_801A3C4,sub_801B0B8,1208
0x0801b570,0,,code_801A3C4,sub_801B570,280
0x0801b688,1,,code_801A3C4,sub_801B688,216
0x0801b760,1,,code_801A3C4,sub_801B760,48
0x0801b790,1,,code_801A3C4,sub_801B790,40
0x0801b7b8,1,,code_801A3C4,sub_801B7B8,100
0x0801b81c,1,,code_801A3C4,sub_801B81C,92
0x0801b878,1,,code_801A3C4,sub_801B878,52
0x0801b8ac,1,,code_801A3C4,sub_801B8AC,60
0x0801b8e8,1,,code_801A3C4,sub_801B8E8,20
0x0801b8fc,1,,code_801A3C4,sub_801B8FC,36
0x0801b920,1,,code_801A3C4,sub_801B920,52
0x0801b954,1,,code_801A3C4,sub_801B954,8
0x0801b95c,1,,code_801A3C4,sub_801B95C,8
0x0801b964,0,,code_801A3C4,sub_801B964,1232
0x0801be34,0,,code_801A3C4,sub_801BE34,1616
0x0801c484,0,,code_801A3C4,sub_801C484,1412
0x0801ca08,0,,code_801A3C4,sub_801CA08,412
0x0801cba4,0,,code_801A3C4,sub_801CBA4,732
0x0801ce80,0,,code_801A3C4,sub_801CE80,272
0x0801cf90,0,,code_801A3C4,sub_801CF90,412
0x0801d12c,1,,code_801A3C4,sub_801D12C,112
0x0801d19c,0,,code_801A3C4,sub_801D19C,120
0x0801d214,0,,code_801A3C4,sub_801D214,356
0x0801d378,0,,code_801A3C4,sub_801D378,240
0x0801d468,0,,code_801A3C4,sub_801D468,256
0x0801d568,0,,code_801A3C4,sub_801D568,424
0x0801d710,0,,code_801A3C4,sub_801D710,628
0x0801d984,0,,code_801A3C4,sub_801D984,284
0x0801daa0,0,,code_801A3C4,sub_801DAA0,156
0x0801db3c,0,,code_801A3C4,sub_801DB3C,228
0x0801dc20,0,,code_801A3C4,sub_801DC20,228
0x0801dd04,0,,code_801A3C4,sub_801DD04,172
0x0801ddb0,0,,code_801A3C4,sub_801DDB0,148
0x0801de44,1,,code_801A3C4,sub_801DE44,152
0x0801dedc,0,,code_801A3C4,sub_801DEDC,180
0x0801df90,0,,code_801A3C4,sub_801DF90,176
0x0801e040,0,,code_801A3C4,sub_801E040,408
0x0801e1d8,0,,code_801A3C4,sub_801E1D8,308
0x0801e30c,0,,code_801A3C4,sub_801E30C,456
0x0801e4d4,0,,code_801A3C4,sub_801E4D4,444
0x0801e690,0,,code_801A3C4,sub_801E690,440
0x0801e848,0,,code_801A3C4,sub_801E848,552
0x0801ea70,0,,code_801A3C4,sub_801EA70,460
0x0801ec3c,0,,code_801A3C4,sub_801EC3C,260
0x0801ed40,0,,code_801A3C4,sub_801ED40,300
0x0801ee6c,0,,code_801A3C4,sub_801EE6C,120
0x0801eee4,0,,code_801A3C4,sub_801EEE4,1304
0x0801f3fc,0,,code_801A3C4,sub_801F3FC,880
0x0801f76c,0,,code_801A3C4,sub_801F76C,280
0x0801f884,0,,code_801A3C4,sub_801F884,396
0x0801fa10,0,,code_801A3C4,sub_801FA10,168
0x0801fab8,0,,code_801A3C4,sub_801FAB8,1028
0x0801febc,0,,code_801A3C4,sub_801FEBC,132
0x0801ff40,0,,code_801A3C4,sub_801FF40,424
0x080200e8,0,,code_801A3C4,sub_80200E8,320
0x08020228,0,,code_801A3C4,sub_8020228,244
0x0802031c,0,,code_801A3C4,sub_802031C,812
0x08020648,0,,code_801A3C4,sub_8020648,336
0x08020798,1,,code_801A3C4,sub_8020798,12
0x080207a4,1,,code_801A3C4,sub_80207A4,16
0x080207b4,1,,code_801A3C4,sub_80207B4,40
0x080207dc,0,,code_801A3C4,sub_80207DC,100
0x08020840,0,,code_801A3C4,sub_8020840,100
0x080208a4,0,,code_801A3C4,sub_80208A4,112
0x08020914,1,,code_801A3C4,sub_8020914,40
0x0802093c,1,,code_801A3C4,sub_802093C,56
0x08020974,1,,code_801A3C4,sub_8020974,84
0x080209c8,1,,code_801A3C4,sub_80209C8,36
0x080209ec,1,,code_801A3C4,sub_80209EC,32
0x08020a0c,1,,code_801A3C4,sub_8020A0C,112
0x08020a7c,1,,code_801A3C4,sub_8020A7C,52
0x08020ab0,1,,code_801A3C4,sub_8020AB0,52
0x08020ae4,1,,code_801A3C4,sub_8020AE4,32
0x08020b04,1,,code_801A3C4,sub_8020B04,68
0x08020b48,1,,code_801A3C4,sub_8020B48,12
0x08020b54,0,,code_801A3C4,sub_8020B54,60
0x08020b90,1,,code_801A3C4,sub_8020B90,48
0x08020bc0,1,,code_801A3C4,sub_8020BC0,48
0x08020bf0,1,,code_801A3C4,sub_8020BF0,60
0x08020c2c,1,,code_801A3C4,sub_8020C2C,44
0x08020c58,1,,code_801A3C4,sub_8020C58,108
0x08020cc4,1,,code_801A3C4,sub_8020CC4,140
0x08020d50,1,,code_8020D50,sub_8020D50,80
0x08020da0,1,,code_8020D50,sub_8020DA0,68
0x08020de4,1,,code_8020D50,sub_8020DE4,12
0x08020df0,1,,code_8020D50,sub_8020DF0,100
0x08020e54,1,,code_8020D50,sub_8020E54,8
0x08020e5c,1,,code_8020D50,sub_8020E5C,12
0x08020e68,1,,code_8020D50,sub_8020E68,12
0x08020e74,1,,code_8020D50,sub_8020E74,28
0x08020e90,1,,code_8020D50,sub_8020E90,28
0x08020eac,1,,code_8020D50,sub_8020EAC,28
0x08020ec8,1,,code_8020D50,sub_8020EC8,36
0x08020eec,1,,code_8020D50,sub_8020EEC,28
0x08020f08,1,,code_8020D50,sub_8020F08,68
0x08020f4c,1,,code_8020D50,sub_8020F4C,108
0x08020fb8,1,,code_8020D50,sub_8020FB8,132
0x0802103c,1,,code_8020D50,sub_802103C,40
0x08021064,1,,code_8020D50,sub_8021064,92
0x080210c0,1,,code_8020D50,sub_80210C0,112
0x08021130,1,,code_8020D50,sub_8021130,84
0x08021184,0,,code_8020D50,sub_8021184,304
0x080212b4,0,,code_8020D50,sub_80212B4,616
0x0802151c,0,,code_8020D50,sub_802151C,484
0x08021700,1,,code_8020D50,sub_8021700,136
0x08021788,0,,code_8020D50,sub_8021788,148
0x0802181c,0,,code_8020D50,sub_802181C,272
0x0802192c,0,,code_8020D50,sub_802192C,2860
0x08022458,0,,code_8020D50,sub_8022458,248
0x08022550,0,,code_8020D50,sub_8022550,448
0x08022710,0,,code_8020D50,sub_8022710,2076
0x08022f2c,0,,code_8020D50,sub_8022F2C,400
0x080230bc,0,,code_8020D50,sub_80230BC,612
0x08023320,0,,code_8020D50,sub_8023320,244
0x08023414,0,,code_8020D50,sub_8023414,1036
0x08023820,0,,code_8020D50,sub_8023820,3228
0x080244bc,0,,code_8020D50,sub_80244BC,348
0x08024618,0,,code_8020D50,sub_8024618,208
0x080246e8,0,,code_8020D50,sub_80246E8,312
0x08024820,0,,code_8020D50,sub_8024820,288
0x08024940,0,,code_8020D50,sub_8024940,3020
0x0802550c,1,,code_8020D50,sub_802550C,12
0x08025518,0,,code_8020D50,sub_8025518,288
0x08025638,1,,code_8020D50,sub_8025638,24
0x08025650,0,,code_8020D50,sub_8025650,148
0x080256e4,0,,code_8020D50,sub_80256E4,136
0x0802576c,1,,code_8020D50,sub_802576C,108
0x080257d8,0,,code_8020D50,sub_80257D8,444
0x08025994,0,,code_8020D50,sub_8025994,1044
0x08025da8,0,,code_8020D50,sub_8025DA8,788
0x080260bc,0,,code_8020D50,sub_80260BC,1028
0x080264c0,0,,code_80264C0,sub_80264C0,1228
0x0802698c,0,,code_80264C0,sub_802698C,892
0x08026d08,0,,code_80264C0,sub_8026D08,640
0x08026f88,0,,code_80264C0,sub_8026F88,692
0x0802723c,0,,code_80264C0,sub_802723C,992
0x0802761c,0,,code_80264C0,sub_802761C,324
0x08027760,0,,code_80264C0,sub_8027760,704
0x08027a20,0,,code_80264C0,sub_8027A20,892
0x08027d9c,0,,code_80264C0,sub_8027D9C,764
0x08028098,0,,code_80264C0,sub_8028098,596
0x080282ec,0,,code_80264C0,sub_80282EC,692
0x080285a0,0,,code_80264C0,sub_80285A0,588
0x080287ec,0,,code_80264C0,sub_80287EC,748
0x08028ad8,0,,code_80264C0,sub_8028AD8,1936
0x08029268,0,,code_80264C0,sub_8029268,680
0x08029510,0,,code_80264C0,sub_8029510,628
0x08029784,0,,code_80264C0,sub_8029784,580
0x080299c8,0,,code_80264C0,sub_80299C8,560
0x08029bf8,0,,code_80264C0,sub_8029BF8,1372
0x0802a154,0,,code_80264C0,sub_802A154,1816
0x0802a86c,0,,code_80264C0,sub_802A86C,1368
0x0802adc4,0,,code_80264C0,sub_802ADC4,812
0x0802b0f0,0,,code_80264C0,sub_802B0F0,1304
0x0802b608,0,,code_80264C0,sub_802B608,692
0x0802b8bc,0,,code_80264C0,sub_802B8BC,616
0x0802bb24,0,,code_80264C0,sub_802BB24,624
0x0802bd94,0,,code_80264C0,sub_802BD94,856
0x0802c0ec,0,,code_80264C0,sub_802C0EC,932
0x0802c490,0,,code_80264C0,sub_802C490,644
0x0802c714,0,,code_80264C0,sub_802C714,724
0x0802c9e8,0,,code_80264C0,sub_802C9E8,1192
0x0802ce90,0,,code_80264C0,sub_802CE90,876
0x0802d1fc,0,,code_80264C0,sub_802D1FC,600
0x0802d454,0,,code_80264C0,sub_802D454,724
0x0802d728,0,,code_80264C0,sub_802D728,848
0x0802da78,0,,code_80264C0,sub_802DA78,908
0x0802de04,0,,code_80264C0,sub_802DE04,472
0x0802dfdc,0,,code_80264C0,sub_802DFDC,600
0x0802e234,0,,code_80264C0,sub_802E234,616
0x0802e49c,0,,code_80264C0,sub_802E49C,556
0x0802e6c8,0,,code_80264C0,sub_802E6C8,1020
0x0802eac4,0,,code_80264C0,sub_802EAC4,788
0x0802edd8,0,,code_80264C0,sub_802EDD8,808
0x0802f100,0,,code_80264C0,sub_802F100,896
0x0802f480,0,,code_80264C0,sub_802F480,600
0x0802f6d8,0,,code_80264C0,sub_802F6D8,788
0x0802f9ec,0,,code_80264C0,sub_802F9EC,1196
0x0802fe98,0,,code_80264C0,sub_802FE98,1028
0x0803029c,0,,code_80264C0,sub_803029C,968
0x08030664,0,,code_80264C0,sub_8030664,844
0x080309b0,0,,code_80264C0,sub_80309B0,600
0x08030c08,0,,code_80264C0,sub_8030C08,404
0x08030d9c,0,,code_80264C0,sub_8030D9C,404
0x08030f30,0,,code_80264C0,sub_8030F30,404
0x080310c4,0,,code_80264C0,sub_80310C4,404
0x08031258,0,,code_80264C0,sub_8031258,404
0x080313ec,0,,code_80264C0,sub_80313EC,404
0x08031580,0,,code_80264C0,sub_8031580,404
0x08031714,0,,code_80264C0,sub_8031714,404
0x080318a8,0,,code_80264C0,sub_80318A8,404
0x08031a3c,0,,code_80264C0,sub_8031A3C,404
0x08031bd0,0,,code_80264C0,sub_8031BD0,404
0x08031d64,0,,code_80264C0,sub_8031D64,404
0x08031ef8,0,,code_80264C0,sub_8031EF8,404
0x0803208c,0,,code_80264C0,sub_803208C,404
0x08032220,0,,code_80264C0,sub_8032220,404
0x080323b4,0,,code_80264C0,sub_80323B4,404
0x08032548,0,,code_80264C0,sub_8032548,484
0x0803272c,0,,code_80264C0,sub_803272C,540
0x08032948,0,,code_80264C0,sub_8032948,1068
0x08032d74,0,,code_80264C0,sub_8032D74,300
0x08032ea0,0,,code_80264C0,sub_8032EA0,1560
0x080334b8,0,,code_80264C0,sub_80334B8,1232
0x08033988,0,,code_80264C0,sub_8033988,1188
0x08033e2c,0,,code_80264C0,sub_8033E2C,1556
0x08034440,0,,code_80264C0,sub_8034440,364
0x080345ac,0,,code_80264C0,sub_80345AC,364
0x08034718,0,,code_80264C0,sub_8034718,400
0x080348a8,0,,code_80264C0,sub_80348A8,852
0x08034bfc,0,,code_80264C0,sub_8034BFC,408
0x08034d94,0,,code_80264C0,sub_8034D94,364
0x08034f00,0,,code_80264C0,sub_8034F00,560
0x08035130,0,,code_80264C0,sub_8035130,560
0x08035360,0,,code_80264C0,sub_8035360,1292
0x0803586c,0,,code_80264C0,sub_803586C,664
0x08035b04,0,,code_80264C0,sub_8035B04,664
0x08035d9c,0,,code_80264C0,sub_8035D9C,664
0x08036034,0,,code_80264C0,sub_8036034,664
0x080362cc,0,,code_80264C0,sub_80362CC,664
0x08036564,0,,code_80264C0,sub_8036564,920
0x080368fc,0,,code_80264C0,sub_80368FC,564
0x08036b30,0,,code_80264C0,sub_8036B30,884
0x08036ea4,0,,code_80264C0,sub_8036EA4,468
0x08037078,0,,code_80264C0,sub_8037078,784
0x08037388,0,,code_80264C0,sub_8037388,1248
0x08037868,0,,code_80264C0,sub_8037868,984
0x08037c40,0,,code_80264C0,sub_8037C40,468
0x08037e14,0,,code_80264C0,sub_8037E14,468
0x08037fe8,0,,code_80264C0,sub_8037FE8,468
0x080381bc,0,,code_80264C0,sub_80381BC,468
0x08038390,0,,code_80264C0,sub_8038390,472
0x08038568,0,,code_80264C0,sub_8038568,484
0x0803874c,0,,code_80264C0,sub_803874C,468
0x08038920,0,,code_80264C0,sub_8038920,868
0x08038c84,0,,code_80264C0,sub_8038C84,448
0x08038e44,0,,code_80264C0,sub_8038E44,480
0x08039024,0,,code_80264C0,sub_8039024,668
0x080392c0,0,,code_80264C0,sub_80392C0,288
0x080393e0,0,,code_80264C0,sub_80393E0,836
0x08039724,0,,code_80264C0,sub_8039724,1300
0x08039c38,0,,code_80264C0,sub_8039C38,52
0x08039c6c,0,,code_80264C0,sub_8039C6C,2060
0x0803a478,0,,code_80264C0,sub_803A478,1112
0x0803a8d0,0,,code_80264C0,sub_803A8D0,1680
0x0803af60,0,,code_80264C0,sub_803AF60,1316
0x0803b484,0,,code_80264C0,sub_803B484,1896
0x0803bbec,0,,code_80264C0,sub_803BBEC,1852
0x0803c328,0,,code_80264C0,sub_803C328,2788
0x0803ce0c,0,,code_80264C0,sub_803CE0C,1024
0x0803d20c,0,,code_80264C0,sub_803D20C,1024
0x0803d60c,0,,code_80264C0,sub_803D60C,2240
0x0803decc,0,,code_80264C0,sub_803DECC,1728
0x0803e58c,0,,code_80264C0,sub_803E58C,1960
0x0803ed34,0,,code_80264C0,sub_803ED34,1256
0x0803f21c,0,,code_80264C0,sub_803F21C,268
0x0803f328,0,,code_80264C0,sub_803F328,284
0x0803f444,0,,code_80264C0,sub_803F444,368
0x0803f5b4,0,,code_80264C0,sub_803F5B4,164
0x0803f658,0,,code_80264C0,sub_803F658,2300
0x0803ff54,0,,code_80264C0,sub_803FF54,600
0x080401ac,0,,code_80264C0,sub_80401AC,1016
0x080405a4,0,,code_80264C0,sub_80405A4,236
0x08040690,0,,code_80264C0,sub_8040690,2136
0x08040ee8,0,,code_80264C0,sub_8040EE8,1056
0x08041308,0,,code_80264C0,sub_8041308,1000
0x080416f0,0,,code_80264C0,sub_80416F0,752
0x080419e0,0,,code_80264C0,sub_80419E0,1276
0x08041edc,0,,code_80264C0,sub_8041EDC,804
0x08042200,0,,code_80264C0,sub_8042200,184
0x080422b8,0,,code_80264C0,sub_80422B8,1228
0x08042784,0,,code_80264C0,sub_8042784,816
0x08042ab4,0,,code_80264C0,sub_8042AB4,220
0x08042b90,0,,code_80264C0,sub_8042B90,736
0x08042e70,0,,code_80264C0,sub_8042E70,1764
0x08043554,0,,code_80264C0,sub_8043554,996
0x08043938,0,,code_80264C0,sub_8043938,548
0x08043b5c,0,,code_80264C0,sub_8043B5C,1076
0x08043f90,0,,code_80264C0,sub_8043F90,1028
0x08044394,1,,code_8044394,sub_8044394,128
0x08044414,1,,code_8044394,sub_8044414,12
0x08044420,1,,code_8044394,sub_8044420,12
0x0804442c,1,,code_8044394,sub_804442C,96
0x0804448c,1,,code_8044394,sub_804448C,12
0x08044498,1,,code_8044394,sub_8044498,12
0x080444a4,1,,code_8044394,sub_80444A4,68
0x080444e8,1,,code_8044394,sub_80444E8,44
0x08044514,1,,code_8044394,sub_8044514,96
0x08044574,1,,code_8044394,sub_8044574,108
0x080445e0,1,,code_8044394,sub_80445E0,8
0x080445e8,0,,code_8044394,sub_80445E8,152
0x08044680,1,,code_8044394,sub_8044680,36
0x080446a4,1,,code_8044394,sub_80446A4,24
0x080446bc,0,,code_8044394,sub_80446BC,108
0x08044728,1,,code_8044394,sub_8044728,4
0x0804472c,1,,code_8044394,sub_804472C,4
0x08044730,1,,code_8044394,sub_8044730,4
0x08044734,1,,code_8044394,sub_8044734,4
0x08044738,1,,code_8044394,sub_8044738,4
0x0804473c,0,,code_8044394,sub_804473C,364
0x080448a8,0,,code_8044394,sub_80448A8,408
0x08044a40,0,,code_8044394,sub_8044A40,1292
0x08044f4c,0,,code_8044394,sub_8044F4C,332
0x08045098,0,,code_8044394,sub_8045098,260
0x0804519c,0,,code_8044394,sub_804519C,396
0x08045328,0,,code_8044394,sub_8045328,176
0x080453d8,1,,code_8044394,sub_80453D8,84
0x0804542c,0,,code_8044394,sub_804542C,120
0x080454a4,0,,code_8044394,sub_80454A4,252
0x080455a0,0,,code_8044394,sub_80455A0,232
0x08045688,0,,code_8044394,sub_8045688,292
0x080457ac,0,,code_8044394,sub_80457AC,180
0x08045860,0,,code_8044394,sub_8045860,224
0x08045940,0,,code_8044394,sub_8045940,208
0x08045a10,0,,code_8044394,sub_8045A10,100
0x08045a74,0,,code_8044394,sub_8045A74,284
0x08045b90,1,,code_8044394,sub_8045B90,100
0x08045bf4,0,,code_8044394,sub_8045BF4,268
0x08045d00,0,,code_8044394,sub_8045D00,440
0x08045eb8,0,,code_8044394,sub_8045EB8,88
0x08045f10,0,,code_8044394,sub_8045F10,132
0x08045f94,0,,code_8044394,sub_8045F94,204
0x08046060,0,,code_8044394,sub_8046060,204
0x0804612c,0,,code_8044394,sub_804612C,240
0x0804621c,0,,code_8044394,sub_804621C,200
0x080462e4,1,,code_8044394,sub_80462E4,412
0x08046480,0,,code_8044394,sub_8046480,216
0x08046558,0,,code_8044394,sub_8046558,276
0x0804666c,0,,code_8044394,sub_804666C,132
0x080466f0,0,,code_8044394,sub_80466F0,1376
0x08046c50,1,,code_8044394,sub_8046C50,132
0x08046cd4,0,,code_8044394,sub_8046CD4,324
0x08046e18,0,,code_8044394,sub_8046E18,244
0x08046f0c,0,,code_8044394,sub_8046F0C,280
0x08047024,0,,code_8044394,sub_8047024,392
0x080471ac,0,,code_8044394,sub_80471AC,316
0x080472e8,0,,code_8044394,sub_80472E8,596
0x0804753c,0,,code_8044394,sub_804753C,416
0x080476dc,0,,code_8044394,sub_80476DC,1088
0x08047b1c,0,,code_8044394,sub_8047B1C,524
0x08047d28,0,,code_8044394,sub_8047D28,160
0x08047dc8,0,,code_8044394,sub_8047DC8,516
0x08047fcc,0,,code_8044394,sub_8047FCC,288
0x080480ec,0,,code_8044394,sub_80480EC,204
0x080481b8,0,,code_8044394,sub_80481B8,344
0x08048310,0,,code_8044394,sub_8048310,328
0x08048458,0,,code_8044394,sub_8048458,332
0x080485a4,0,,code_8044394,sub_80485A4,236
0x08048690,0,,code_8044394,sub_8048690,212
0x08048764,1,,code_8044394,sub_8048764,24
0x0804877c,1,,code_8044394,sub_804877C,40
0x080487a4,1,,code_8044394,sub_80487A4,40
0x080487cc,1,,code_8044394,sub_80487CC,76
0x08048818,1,,code_8044394,sub_8048818,80
0x08048868,1,,code_8044394,sub_8048868,100
0x080488cc,0,,code_8044394,sub_80488CC,104
0x08048934,1,,code_8044394,sub_8048934,80
0x08048984,1,,code_8044394,sub_8048984,32
0x080489a4,1,,code_8044394,sub_80489A4,36
0x080489c8,1,,code_8044394,sub_80489C8,32
0x080489e8,1,,code_8044394,sub_80489E8,128
0x08048a68,1,,code_8044394,sub_8048A68,32
0x08048a88,1,,code_8044394,sub_8048A88,68
0x08048acc,1,,code_8044394,sub_8048ACC,100
0x08048b30,1,,code_8044394,sub_8048B30,44
0x08048b5c,1,,code_8044394,sub_8048B5C,44
0x08048b88,1,,code_8044394,sub_8048B88,36
0x08048bac,1,,code_8044394,sub_8048BAC,36
0x08048bd0,1,,code_8044394,sub_8048BD0,96
0x08048c30,0,,code_8044394,sub_8048C30,80
0x08048c80,0,,code_8044394,sub_8048C80,108
0x08048cec,1,,code_8044394,sub_8048CEC,84
0x08048d40,1,,code_8044394,sub_8048D40,36
0x08048d64,1,,code_8044394,sub_8048D64,32
0x08048d84,1,,code_8044394,sub_8048D84,32
0x08048da4,0,,code_8044394,sub_8048DA4,360
0x08048f0c,0,,code_8044394,sub_8048F0C,172
0x08048fb8,0,,code_8044394,sub_8048FB8,776
0x080492c0,0,,code_8044394,sub_80492C0,560
0x080494f0,0,,code_8044394,sub_80494F0,704
0x080497b0,0,,code_8044394,sub_80497B0,304
0x080498e0,0,,code_8044394,sub_80498E0,120
0x08049958,0,,code_8044394,sub_8049958,384
0x08049ad8,0,,code_8044394,sub_8049AD8,152
0x08049b70,0,,code_8044394,sub_8049B70,172
0x08049c1c,0,,code_8044394,sub_8049C1C,316
0x08049d58,0,,code_8044394,sub_8049D58,160
0x08049df8,0,,code_8044394,sub_8049DF8,848
0x0804a148,0,,code_8044394,sub_804A148,544
0x0804a368,0,,code_8044394,sub_804A368,1732
0x0804aa2c,0,,code_8044394,sub_804AA2C,228
0x0804ab10,1,,code_8044394,sub_804AB10,48
0x0804ab40,0,,code_8044394,sub_804AB40,144
0x0804abd0,1,,code_8044394,sub_804ABD0,40
0x0804abf8,0,,code_8044394,sub_804ABF8,104
0x0804ac60,1,,code_8044394,sub_804AC60,96
0x0804acc0,0,,code_8044394,sub_804ACC0,100
0x0804ad24,1,,code_8044394,sub_804AD24,48
0x0804ad54,1,,code_8044394,sub_804AD54,12
0x0804ad60,1,,code_8044394,sub_804AD60,128
0x0804ade0,1,,code_8044394,sub_804ADE0,24
0x0804adf8,1,,code_8044394,sub_804ADF8,52
0x0804ae2c,0,,code_8044394,sub_804AE2C,308
0x0804af60,0,,code_8044394,sub_804AF60,288
0x0804b080,0,,code_8044394,sub_804B080,364
0x0804b1ec,1,,code_8044394,sub_804B1EC,12
0x0804b1f8,1,,code_8044394,sub_804B1F8,44
0x0804b224,1,,code_8044394,sub_804B224,100
0x0804b288,0,,code_8044394,sub_804B288,312
0x0804b3c0,0,,code_8044394,sub_804B3C0,152
0x0804b458,1,,code_8044394,sub_804B458,120
0x0804b4d0,0,,code_8044394,sub_804B4D0,156
0x0804b56c,0,,code_8044394,sub_804B56C,232
0x0804b654,0,,code_8044394,sub_804B654,348
0x0804b7b0,0,,code_8044394,sub_804B7B0,132
0x0804b834,0,,code_8044394,sub_804B834,180
0x0804b8e8,0,,code_8044394,sub_804B8E8,132
0x0804b96c,0,,code_8044394,sub_804B96C,504
0x0804bb64,1,,code_8044394,sub_804BB64,120
0x0804bbdc,0,,code_8044394,sub_804BBDC,376
0x0804bd54,0,,code_8044394,sub_804BD54,132
0x0804bdd8,0,,code_8044394,sub_804BDD8,184
0x0804be90,0,,code_8044394,sub_804BE90,132
0x0804bf14,0,,code_8044394,sub_804BF14,504
0x0804c10c,1,,code_8044394,sub_804C10C,120
0x0804c184,1,,code_8044394,sub_804C184,16
0x0804c194,1,,code_8044394,sub_804C194,32
0x0804c1b4,1,,code_8044394,sub_804C1B4,48
0x0804c1e4,1,,code_8044394,sub_804C1E4,48
0x0804c214,1,,code_8044394,sub_804C214,60
0x0804c250,1,,code_8044394,sub_804C250,40
0x0804c278,1,,code_8044394,sub_804C278,40
0x0804c2a0,1,,code_8044394,sub_804C2A0,80
0x0804c2f0,1,,code_8044394,sub_804C2F0,12
0x0804c2fc,1,,code_8044394,sub_804C2FC,104
0x0804c364,1,,code_8044394,sub_804C364,64
0x0804c3a4,1,,code_8044394,sub_804C3A4,64
0x0804c3e4,1,,code_8044394,sub_804C3E4,60
0x0804c420,1,,code_8044394,sub_804C420,60
0x0804c45c,1,,code_8044394,sub_804C45C,124
0x0804c4d8,1,,code_8044394,sub_804C4D8,100
0x0804c53c,1,,code_8044394,sub_804C53C,12
0x0804c548,1,,code_8044394,sub_804C548,112
0x0804c5b8,1,,code_8044394,sub_804C5B8,64
0x0804c5f8,1,,code_8044394,sub_804C5F8,64
0x0804c638,1,,code_8044394,sub_804C638,60
0x0804c674,1,,code_8044394,sub_804C674,60
0x0804c6b0,1,,code_8044394,sub_804C6B0,120
0x0804c728,0,,code_8044394,sub_804C728,100
0x0804c78c,0,,code_8044394,sub_804C78C,260
0x0804c890,0,,code_8044394,sub_804C890,80
0x0804c8e0,0,,code_8044394,sub_804C8E0,212
0x0804c9b4,0,,code_8044394,sub_804C9B4,120
0x0804ca2c,1,,code_8044394,sub_804CA2C,116
0x0804caa0,1,,code_8044394,sub_804CAA0,120
0x0804cb18,1,,code_8044394,sub_804CB18,116
0x0804cb8c,1,,code_8044394,sub_804CB8C,116
0x0804cc00,1,,code_8044394,sub_804CC00,120
0x0804cc78,1,,code_8044394,sub_804CC78,116
0x0804ccec,1,,code_8044394,sub_804CCEC,116
0x0804cd60,1,,code_8044394,sub_804CD60,116
0x0804cdd4,1,,code_8044394,sub_804CDD4,116
0x0804ce48,1,,code_8044394,sub_804CE48,116
0x0804cebc,1,,code_8044394,sub_804CEBC,36
0x0804cee0,0,,code_8044394,sub_804CEE0,536
0x0804d0f8,0,,code_8044394,sub_804D0F8,188
0x0804d1b4,0,,code_8044394,sub_804D1B4,172
0x0804d260,0,,code_8044394,sub_804D260,176
0x0804d310,0,,code_8044394,sub_804D310,144
0x0804d3a0,0,,code_8044394,sub_804D3A0,172
0x0804d44c,0,,code_8044394,sub_804D44C,176
0x0804d4fc,0,,code_8044394,sub_804D4FC,184
0x0804d5b4,0,,code_8044394,sub_804D5B4,340
0x0804d708,0,,code_8044394,sub_804D708,144
0x0804d798,0,,code_8044394,sub_804D798,168
0x0804d840,0,,code_8044394,sub_804D840,180
0x0804d8f4,0,,code_8044394,sub_804D8F4,272
0x0804da04,0,,code_8044394,sub_804DA04,184
0x0804dabc,0,,code_8044394,sub_804DABC,168
0x0804db64,0,,code_8044394,sub_804DB64,192
0x0804dc24,0,,code_8044394,sub_804DC24,180
0x0804dcd8,0,,code_8044394,sub_804DCD8,152
0x0804dd70,1,,code_8044394,sub_804DD70,32
0x0804dd90,1,,code_8044394,sub_804DD90,144
0x0804de20,1,,code_8044394,sub_804DE20,108
0x0804de8c,0,,code_8044394,sub_804DE8C,136
0x0804df14,1,,code_8044394,sub_804DF14,96
0x0804df74,1,,code_8044394,sub_804DF74,100
0x0804dfd8,0,,code_8044394,sub_804DFD8,268
0x0804e0e4,0,,code_8044394,sub_804E0E4,456
0x0804e2ac,0,,code_8044394,sub_804E2AC,1072
0x0804e6dc,0,,code_8044394,sub_804E6DC,144
0x0804e76c,1,,code_8044394,sub_804E76C,128
0x0804e7ec,0,,code_8044394,sub_804E7EC,112
0x0804e85c,0,,code_8044394,sub_804E85C,384
0x0804e9dc,0,,code_8044394,sub_804E9DC,552
0x0804ec04,0,,code_8044394,sub_804EC04,704
0x0804eec4,1,,code_8044394,sub_804EEC4,60
0x0804ef00,1,,code_8044394,sub_804EF00,80
0x0804ef50,1,,code_8044394,sub_804EF50,64
0x0804ef90,1,,code_8044394,sub_804EF90,76
0x0804efdc,0,,code_8044394,sub_804EFDC,116
0x0804f050,1,,code_8044394,sub_804F050,44
0x0804f07c,1,,code_8044394,sub_804F07C,12
0x0804f088,1,,code_8044394,sub_804F088,48
0x0804f0b8,1,,code_804F0B8,sub_804F0B8,84
0x0804f10c,0,,code_804F0B8,sub_804F10C,112
0x0804f17c,0,,code_804F0B8,sub_804F17C,148
0x0804f210,1,,code_804F0B8,SioBattle_ResetState,52
0x0804f244,1,,code_804F0B8,SioBattle_GetState,12
0x0804f250,1,,code_804F0B8,SioBattle_ClearSlots,48
0x0804f280,0,,code_804F0B8,sub_804F280,972
0x0804f64c,0,,code_804F0B8,sub_804F64C,284
0x0804f768,1,,code_804F0B8,Op_RemovePartyMember,144
0x0804f7f8,0,,code_804F0B8,sub_804F7F8,224
0x0804f8d8,0,,code_804F0B8,sub_804F8D8,156
0x0804f974,0,,code_804F0B8,sub_804F974,144
0x0804fa04,0,,code_804F0B8,sub_804FA04,144
0x0804fa94,0,,code_804F0B8,sub_804FA94,144
0x0804fb24,0,,code_804F0B8,sub_804FB24,1264
0x08050014,1,,code_804F0B8,ScriptPump_Run,120
0x0805008c,0,,code_804F0B8,sub_805008C,300
0x080501b8,0,,code_804F0B8,sub_80501B8,636
0x08050434,0,,code_804F0B8,sub_8050434,520
0x0805063c,0,,code_804F0B8,sub_805063C,228
0x08050720,0,,code_804F0B8,sub_8050720,2688
0x080511a0,0,,code_804F0B8,sub_80511A0,144
0x08051230,1,,code_804F0B8,Op_ScriptStop,148
0x080512c4,0,,code_804F0B8,sub_80512C4,220
0x080513a0,0,,code_804F0B8,sub_80513A0,172
0x0805144c,0,,code_804F0B8,sub_805144C,1488
0x08051a1c,1,,code_804F0B8,Op_OpenWindow,208
0x08051aec,0,,code_804F0B8,sub_8051AEC,248
0x08051be4,0,,code_804F0B8,sub_8051BE4,2448
0x08052574,1,,code_804F0B8,Script_GetFlags,12
0x08052580,1,,code_804F0B8,Script_ResetVM,104
0x080525e8,0,,code_804F0B8,sub_80525E8,184
0x080526a0,0,,code_804F0B8,sub_80526A0,136
0x08052728,1,,code_804F0B8,Script_Abort,48
0x08052758,1,,code_804F0B8,BgTiles_LoadSet,40
0x08052780,1,,code_804F0B8,TileDma_Reset,44
0x080527ac,1,,code_804F0B8,sub_80527AC,72
0x080527f4,1,,code_804F0B8,TileDma_GetCtx,20
0x08052808,1,,code_804F0B8,Op_LoadTileGfx,80
0x08052858,1,,code_804F0B8,sub_8052858,32
0x08052878,1,,code_804F0B8,Script_Call,76
0x080528c4,1,,code_804F0B8,nullsub_7,4
0x080528c8,1,,code_804F0B8,Op_DialogSetup,84
0x0805291c,1,,code_804F0B8,Op_CloseWindow,156
0x080529b8,0,,code_804F0B8,sub_80529B8,92
0x08052a14,1,,code_804F0B8,Op_BgmPlay,36
0x08052a38,1,,code_804F0B8,Op_BgmStop,24
0x08052a50,1,,code_804F0B8,Op_BgmVolume,32
0x08052a70,1,,code_804F0B8,Op_BgmFadeIn,28
0x08052a8c,1,,code_804F0B8,Op_BgmFadeOut,28
0x08052aa8,1,,code_804F0B8,Op_SfxPlay,36
0x08052acc,1,,code_804F0B8,Op_SfxStop,28
0x08052ae8,0,,code_804F0B8,sub_8052AE8,76
0x08052b34,1,,code_804F0B8,sub_8052B34,76
0x08052b80,1,,code_804F0B8,Op_WaitCharsStop,32
0x08052ba0,1,,code_804F0B8,Op_LoadCharaGfx,64
0x08052be0,1,,code_804F0B8,Op_LoadCharaPal,36
0x08052c04,1,,code_804F0B8,Op_WaitSpriteLoad,32
0x08052c24,1,,code_804F0B8,Op_SceneChangeFade,108
0x08052c90,1,,code_804F0B8,Op_SceneChangePlain,64
0x08052cd0,1,,code_804F0B8,Op_WaitSceneIdle,32
0x08052cf0,1,,code_804F0B8,Op_LoadMap,92
0x08052d4c,1,,code_804F0B8,Op_IfEventFlagJump,64
0x08052d8c,1,,code_804F0B8,Op_SetEventFlag,32
0x08052dac,1,,code_804F0B8,Op_ClearEventFlag,32
0x08052dcc,1,,code_804F0B8,Op_IfSwitchJump,64
0x08052e0c,1,,code_804F0B8,Op_SetSwitch,32
0x08052e2c,1,,code_804F0B8,Op_ClearSwitch,32
0x08052e4c,1,,code_804F0B8,Op_CameraSnap,32
0x08052e6c,1,,code_804F0B8,Op_CameraFollow,20
0x08052e80,1,,code_804F0B8,Op_WaitCameraSnap,28
0x08052e9c,1,,code_804F0B8,Op_LoadCutsceneAnim,36
0x08052ec0,1,,code_804F0B8,Op_RestartCharaAnim,96
0x08052f20,1,,code_804F0B8,Op_WaitCharaAnim,36
0x08052f44,0,,code_804F0B8,sub_8052F44,104
0x08052fac,1,,code_804F0B8,Op_LoadAnimSet,28
0x08052fc8,1,,code_804F0B8,Op_AnimSlotResume,28
0x08052fe4,1,,code_804F0B8,Op_AnimSlotPause,28
0x08053000,1,,code_804F0B8,Op_WaitAnimSlotIdle,36
0x08053024,1,,code_804F0B8,Op_MenuLoadAnims,28
0x08053040,1,,code_804F0B8,Op_MenuUnlock,28
0x0805305c,1,,code_804F0B8,Op_MenuLock,28
0x08053078,1,,code_804F0B8,Op_WaitMenuReady,36
0x0805309c,1,,code_804F0B8,Op_FullHealParty,24
0x080530b4,1,,code_804F0B8,Op_EquipItem,32
0x080530d4,1,,code_804F0B8,Op_GiveTakeItem,48
0x08053104,1,,code_804F0B8,Op_SilverAddSub,52
0x08053138,1,,code_804F0B8,Op_IfItemQtyJump,52
0x0805316c,1,,code_804F0B8,Op_ChestOpen,32
0x0805318c,1,,code_804F0B8,Op_SaveUiTrigger,28
0x080531a8,1,,code_804F0B8,Op_IfSaveLoadedJump,60
0x080531e4,1,,code_804F0B8,Op_SaveTimerA,28
0x08053200,1,,code_804F0B8,Op_SaveTimerB,28
0x0805321c,1,,code_804F0B8,Op_IfSaveFlagJump,56
0x08053254,1,,code_804F0B8,Op_SaveOp,28
0x08053270,0,,code_804F0B8,sub_8053270,108
0x080532dc,1,,code_804F0B8,sub_80532DC,108
0x08053348,1,,code_804F0B8,Op_ClearSwitchTail,24
0x08053360,1,,code_804F0B8,Op_IfMoneyJump,64
0x080533a0,1,,code_804F0B8,Op_StartLogoFade,20
0x080533b4,1,,code_804F0B8,Op_WaitLogoFade,32
0x080533d4,1,,code_804F0B8,sub_80533D4,28
0x080533f0,1,,sound,SoundMain_Frame,196
0x080534b4,1,,sound,SoundTracks_Frame,232
0x0805359c,1,,sound,Sound_Init,76
0x080535e8,1,,sound,Sound_GetFlags,12
0x080535f4,1,,sound,Sound_VSyncOff,24
0x0805360c,1,,sound,Sound_VSyncOn,28
0x08053628,1,,sound,Bgm_Play,96
0x08053688,1,,sound,Bgm_Stop,20
0x0805369c,1,,sound,Bgm_SetVolume,36
0x080536c0,1,,sound,Bgm_FadeIn,44
0x080536ec,1,,sound,Bgm_FadeOut,52
0x08053720,1,,sound,Bgm_Continue,20
0x08053734,1,,sound,Sfx_TrackBusy,24
0x0805374c,1,,sound,Sfx_Play,116
0x080537c0,1,,sound,Sfx_PlayFade,120
0x08053838,1,,sound,Sfx_StopTrack,76
0x08053884,1,,sound,Sfx_GetLoopFlag,24
